<?xml version="1.0" encoding="UTF-8"?>
<project-private xmlns="http://www.netbeans.org/ns/project-private/1">
    <editor-bookmarks xmlns="http://www.netbeans.org/ns/editor-bookmarks/2" lastBookmarkId="0"/>
    <open-files xmlns="http://www.netbeans.org/ns/projectui-open-files/2">
        <group>
            <file>file:/Z:/PemrogramanBerorientasiObyek/minggu4/Praktukum4_06766/src/Latihan04c.java</file>
            <file>file:/Z:/PemrogramanBerorientasiObyek/minggu4/Praktukum4_06766/src/Latihan04a.java</file>
            <file>file:/Z:/PemrogramanBerorientasiObyek/minggu4/Praktukum4_06766/src/Latihan04d.java</file>
            <file>file:/Z:/PemrogramanBerorientasiObyek/minggu4/Praktukum4_06766/src/Latihan04b.java</file>
        </group>
    </open-files>
</project-private>
